Id,Predicted
0,0.249267
1,0.0648722
2,0.0657131
3,0.00304894
4,0.00260159
5,0.00386107
6,0.000461663
7,0.0848175
8,0.0298513
9,0.560343
10,0.00931308
11,0.188932
12,0.000382379
13,0.0143647
14,0.0689856
15,0.0618087
16,0.186406
17,0.0133596
18,0.00143896
19,0.0295175
20,0.00584144
21,0.00164113
22,0.0234358
23,0.016724
24,0.00628194
25,0.0450908
26,0.074129
27,0.132333
28,0.0011367
29,0.0530853
30,0.0191828
31,0.0669156
32,0.108665
33,0.106275
34,0.00231576
35,0.0854631
36,0.416725
37,0.0248318
38,0.00204426
39,0.000648859
40,0.0220058
41,0.0416916
42,0.0715278
43,0.112267
44,0.0745725
45,0.00727432
46,0.106865
47,0.0294001
48,0.0211029
49,0.547359
50,0.0130538
51,0.0296535
52,0.27933
53,0.0525863
54,0.00155286
55,0.00237961
56,0.016728
57,0.00031122
58,0.0253245
59,0.0584147
60,0.0646909
61,0.00871513
62,0.230545
63,0.263281
64,0.74403
65,0.0175982
66,0.0192821
67,0.000109433
68,0.00645336
69,0.0873456
70,0.0828588
71,0.0311801
72,0.0025045
73,0.0249971
74,0.27791
75,0.0164687
76,0.0902661
77,0.0391257
78,0.123435
79,0.00365755
80,0.0119148
81,0.0538283
82,0.00883226
83,0.197061
84,0.0197603
85,0.201855
86,0.0545591
87,0.466949
88,0.0124504
89,9.72557E-005
90,0.265079
91,0.291609
92,0.0133237
93,0.159942
94,0.159762
95,0.160173
96,0.00586959
97,0.011262
98,0.209775
99,0.000882279
100,0.0940471
101,0.016114
102,0.00243162
103,0.0314646
104,0.0018257
105,0.0455707
106,0.0015035
107,0.703451
108,0.0255862
109,0.0778742
110,0.00180751
111,0.0112712
112,0.121229
113,0.000388672
114,0.00162286
115,0.191707
116,0.00150641
117,0.00467572
118,0.3115
119,0.0302001
120,0.00397982
121,0.0252349
122,0.0040168
123,0.171797
124,0.107507
125,0.000692556
126,0.00142675
127,0.344514
128,0.000556772
129,0.0219645
130,0.0554492
131,0.0972519
132,0.0448542
133,0.182522
134,0.086802
135,0.0397335
136,0.0252335
137,0.00466266
138,0.0141924
139,0.00232954
140,0.283737
141,0.0636468
142,0.0162497
143,0.269711
144,0.0680504
145,0.00479483
146,0.588109
147,0.262286
148,0.000518138
149,0.0484758
150,0.203286
151,0.00248839
152,0.00432438
153,0.23043
154,0.00279074
155,0.16442
156,0.2594
157,0.0133782
158,0.0326504
159,0.00493855
160,0.107114
161,0.00502864
162,0.0103969
163,0.0384952
164,0.0686499
165,0.00965483
166,0.00772057
167,0.00255321
168,0.0143132
169,0.0612497
170,0.15709
171,0.000714493
172,0.00245351
173,0.00705357
174,0.0539269
175,0.000375829
176,0.187898
177,0.00470838
178,0.304272
179,0.000745522
180,0.00414107
181,0.0217884
182,0.00349709
183,0.000358681
184,0.278431
185,0.0219245
186,0.0189685
187,0.00844676
188,0.289536
189,0.00692898
190,0.0784305
191,0.0220434
192,0.0860197
193,0.040994
194,0.00240258
195,0.205072
196,0.0138684
197,0.00827262
198,0.00618341
199,0.00355153
200,0.000599008
201,0.139328
202,0.000219541
203,0.0971557
204,0.0538399
205,0.041042
206,0.00627659
207,0.0291293
208,0.00465892
209,0.857132
210,0.037575
211,0.00253675
212,0.0054638
213,0.00814571
214,0.0353082
215,0.117607
216,0.614478
217,0.0118049
218,0.00593604
219,0.000971635
220,0.00053314
221,0.014977
222,0.00269418
223,0.0628571
224,0.0568511
225,0.00730116
226,0.407593
227,0.00246912
228,0.225992
229,0.0246653
230,0.0264601
231,0.00925188
232,0.0267741
233,0.00625632
234,0.0399519
235,0.00507425
236,0.0170638
237,0.0479444
238,0.00634955
239,0.0630684
240,0.0055921
241,0.340336
242,0.0632266
243,0.125082
244,0.162633
245,0.0211327
246,0.0231642
247,0.0746529
248,0.00453499
249,0.014955
250,0.00513282
251,0.0177312
252,0.00176851
253,0.018284
254,0.0116792
255,0.000236635
256,0.05372
257,0.0584097
258,0.00161085
259,0.00435977
260,0.0117841
261,0.00665962
262,0.0142166
263,0.00963094
264,0.0179507
265,0.0175059
266,0.0248061
267,0.00384995
268,0.278491
269,0.0975239
270,0.00287652
271,0.0341508
272,0.0382897
273,0.000179753
274,0.031493
275,0.00109234
276,0.107203
277,0.00634308
278,0.00256873
279,0.189681
280,0.00473114
281,0.00549965
282,0.0100825
283,0.00977849
284,0.0130026
285,0.00908695
286,0.00288731
287,0.0524216
288,0.0183638
289,0.106985
290,0.00233233
291,0.062508
292,0.00534106
293,0.357538
294,0.301397
295,0.00395372
296,0.00393962
297,0.00205418
298,0.013851
299,0.0119333
300,0.0123618
301,0.0121404
302,0.000357739
303,0.00382705
304,0.153291
305,0.019266
306,0.0271243
307,0.0032724
308,0.0115325
309,0.0183365
310,0.0551707
311,0.00391518
312,0.0241778
313,0.000865144
314,0.253815
315,0.00213198
316,0.0864029
317,0.000297907
318,0.0066338
319,0.00283376
320,0.00272378
321,0.0415175
322,0.00103048
323,0.163098
324,0.00977
325,0.0241399
326,0.0185732
327,0.000715567
328,0.0696248
329,0.156031
330,0.0241674
331,0.113281
332,0.000419645
333,0.101144
334,0.0904806
335,0.226079
336,0.270957
337,0.217237
338,0.0151938
339,0.0222402
340,0.0251338
341,0.0181791
342,0.0271234
343,0.00638225
344,0.0136791
345,0.0652984
346,0.00260463
347,0.00226287
348,0.00532404
349,0.0400544
350,0.0689088
351,0.00695908
352,0.00114861
353,0.0162527
354,0.022625
355,0.256571
356,0.0167194
357,0.0848044
358,0.00219787
359,0.243561
360,0.0291073
361,0.260835
362,0.00264932
363,0.00759904
364,0.00664134
365,0.0676489
366,0.00414506
367,0.0157782
368,0.0120428
369,0.0015008
370,0.00963695
371,0.00111493
372,0.00127133
373,0.000173655
374,0.00387831
375,0.000483377
376,0.00871137
377,0.00192673
378,0.0329637
379,0.00307465
380,0.0306577
381,0.00206071
382,0.00313243
383,0.0117977
384,0.208932
385,0.00239762
386,0.00783701
387,0.0797005
388,0.00375572
389,0.0170364
390,0.00840411
391,0.00317482
392,0.0317713
393,0.0122375
394,0.0236575
395,0.00254217
396,0.0616606
397,0.00891877
398,0.0180023
399,0.150568
400,0.00514751
401,0.0373921
402,0.0858281
403,0.00159947
404,0.0153907
405,0.0687149
406,0.0483807
407,0.000495137
408,0.00348805
409,0.0633305
410,0.00637548
411,0.16943
412,0.235575
413,0.0504422
414,0.133619
415,0.367262
416,0.00236595
417,0.00253175
418,0.0041516
419,0.119033
420,0.0165845
421,0.227816
422,0.015416
423,0.0902967
424,0.0217036
425,0.0169599
426,0.00152782
427,0.0912815
428,0.0043517
429,0.0358163
430,0.0160833
431,0.0295
432,0.0795243
433,0.0814358
434,0.0230992
435,0.074653
436,0.383336
437,0.0303714
438,0.184766
439,0.189835
440,0.0186005
441,0.000622398
442,0.149458
443,0.058922
444,0.0145436
445,0.0219441
446,0.0194081
447,0.170642
448,0.0031107
449,0.00745324
450,0.186236
451,0.00137764
452,0.0091826
453,0.092851
454,0.00447182
455,0.0730268
456,0.0868104
457,0.00157692
458,0.0641058
459,0.000835961
460,0.0405471
461,0.0805835
462,0.0154437
463,0.0173131
464,0.0709606
465,0.0265159
466,0.0886987
467,0.015103
468,0.000950637
469,0.156025
470,0.0203534
471,0.0182703
472,0.493228
473,0.0951066
474,0.312469
475,0.770886
476,0.00472953
477,0.0577471
478,0.00745383
479,0.00314339
480,0.00429085
481,0.00487102
482,0.0309721
483,0.539004
484,0.0907432
485,0.0153233
486,0.0180155
487,0.00635156
488,0.000851033
489,0.00146961
490,0.035409
491,0.29472
492,0.00140568
493,0.00731055
494,0.00123572
495,0.000426091
496,0.0563926
497,7.40442E-005
498,0.00893289
499,0.718148
500,0.0020057
501,0.0415282
502,0.0582278
503,0.0387703
504,0.000483346
505,0.000606156
506,0.105686
507,0.000138621
508,0.0061035
509,0.0155892
510,0.0275158
511,0.0470271
512,0.00205525
513,0.0300467
514,0.00052649
515,0.0212968
516,0.0606573
517,0.520991
518,0.0106816
519,0.00120701
520,0.340242
521,0.00275991
522,0.0278342
523,0.0512609
524,0.0143717
525,0.0318632
526,0.00173129
527,0.000293476
528,0.0368525
529,0.00611608
530,0.0657844
531,0.163556
532,0.163378
533,0.0029752
534,0.0214614
535,0.000150923
536,0.0363926
537,0.109872
538,0.00819469
539,0.0287482
540,0.0936147
541,0.0019753
542,0.0128138
543,0.119368
544,0.00119245
545,0.0294578
546,0.0691491
547,0.00558324
548,0.0180716
549,0.00671406
550,0.0122045
551,0.160688
552,0.0122
553,0.0365657
554,0.0266873
555,0.0156061
556,0.00228228
557,0.00753335
558,0.0156915
559,0.0129495
560,0.00846912
561,0.00251292
562,0.110933
563,0.345294
564,0.00375234
565,0.122152
566,0.0307719
567,0.120118
568,0.150208
569,0.389477
570,0.030967
571,0.00661831
572,0.00210763
573,0.00103086
574,0.0070288
575,0.154641
576,0.142156
577,0.251857
578,0.00804389
579,0.287087
580,0.025343
581,0.00242467
582,0.00783413
583,0.000443618
584,0.281428
585,0.0922582
586,0.00719175
587,0.210772
588,0.207488
589,0.0261004
590,0.0246485
591,0.0243727
592,0.000372578
593,0.0235528
594,0.0330413
595,0.0050723
596,0.0703182
597,0.00116837
598,0.581208
599,0.000847112
600,0.0456667
601,0.0163997
602,0.000843973
603,0.0715599
604,0.0163911
605,0.0820745
606,0.0105766
607,0.347101
608,0.0390239
609,0.0432699
610,0.00481778
611,0.0257499
612,0.000259063
613,0.04419
614,0.00162945
615,0.0640629
616,0.256034
617,0.061047
618,9.77678E-005
619,0.00507885
620,0.0304604
621,0.000900317
622,0.081673
623,0.448009
624,0.295787
625,0.00382574
626,0.340516
627,0.0137532
628,0.00158423
629,0.0308963
630,0.0129205
631,0.00480095
632,0.00945628
633,0.00169918
634,0.0256983
635,0.000670531
636,0.000819256
637,0.000200752
638,0.0784147
639,0.625762
640,0.0576343
641,0.00101624
642,0.030101
643,0.860602
644,0.0473775
645,0.020419
646,0.0314971
647,0.0367577
648,0.217848
649,0.143529
650,0.0293412
651,0.045546
652,0.0737737
653,0.0198886
654,0.0501465
655,0.000820035
656,0.00603694
657,0.07244
658,0.142471
659,0.00883199
660,0.116748
661,0.00160825
662,0.0035028
663,0.00512165
664,0.0238156
665,0.00808218
666,0.0265808
667,0.127162
668,0.00618994
669,0.00727924
670,0.00110266
671,0.0462649
672,0.1681
673,0.0651919
674,0.00448464
675,0.0362531
676,8.18703E-005
677,0.00479869
678,0.00517239
679,0.0137331
680,0.00359371
681,0.0810787
682,0.0675907
683,0.0168623
684,0.00140568
685,0.077601
686,0.0194706
687,0.00853647
688,0.00870587
689,0.0290711
690,0.106798
691,0.0169518
692,0.165138
693,0.0913956
694,0.0962675
695,0.00281355
696,0.108459
697,0.00185922
698,0.031312
699,0.0249496
700,0.0030316
701,0.163646
702,0.0131458
703,0.0213008
704,0.463279
705,0.0815683
706,0.0163504
707,0.131137
708,0.0493821
709,0.0329166
710,0.00219604
711,0.00303445
712,0.00112525
713,0.158553
714,0.0109755
715,0.0233687
716,0.013768
717,0.161696
718,0.0997576
719,0.00211498
720,0.0473227
721,0.0117074
722,0.0305901
723,0.263104
724,0.0817825
725,0.0731291
726,0.0165777
727,0.126909
728,0.0338649
729,0.0132683
730,0.0191787
731,0.130891
732,0.00181065
733,0.0148579
734,0.0243005
735,0.00149443
736,0.0353303
737,0.00095123
738,0.00624998
739,0.0116524
740,0.251558
741,0.0590788
742,0.0106245
743,0.0159627
744,0.540388
745,0.0030273
746,0.00145244
747,0.228089
748,0.0575458
749,0.138453
750,0.00189484
751,0.014881
752,0.110426
753,0.0291163
754,0.0423451
755,0.0742596
756,0.144675
757,0.310462
758,0.00101793
759,0.00470788
760,0.0418245
761,0.0246177
762,0.378318
763,0.00436731
764,0.00168859
765,0.0344046
766,0.00312026
767,0.0960972
768,0.0825533
769,0.000101976
770,0.0462892
771,0.582255
772,0.0222226
773,0.0589724
774,0.000756872
775,0.000299448
776,0.011675
777,0.0506264
778,0.0514456
779,0.192379
780,0.0700975
781,0.00138398
782,0.585337
783,0.0411433
784,0.00701079
785,0.0148068
786,0.00518509
787,0.0339586
788,0.000938368
789,0.00284822
790,0.330615
791,0.00929458
792,0.0928639
793,0.333421
794,0.0431327
795,0.00554233
796,0.00189472
797,0.00192586
798,0.000146136
799,0.00903449
800,0.0130843
801,0.00762844
802,0.0355193
803,0.000519534
804,0.0113801
805,0.0520675
806,0.644738
807,0.0148801
808,0.00148198
809,0.657134
810,0.00494144
811,0.142976
812,0.125161
813,0.00347567
814,0.0421947
815,0.148712
816,0.0134
817,0.0136239
818,0.466278
819,0.00312074
820,0.0737385
821,0.534392
822,0.0162247
823,0.00169009
824,0.199296
825,0.000538518
826,0.0626529
827,0.184719
828,0.189018
829,0.0781584
830,0.0407418
831,0.00416749
832,0.048273
833,0.0225139
834,0.0186521
835,0.00452934
836,0.0114566
837,0.170547
838,0.00011641
839,0.0172668
840,0.00127648
841,0.0132818
842,0.0191515
843,0.00259558
844,0.0643161
845,0.00474665
846,0.045531
847,0.00556833
848,0.373628
849,0.0103687
850,0.00347249
851,0.0760894
852,0.00635454
853,0.54735
854,0.0377959
855,0.0722904
856,0.00173336
857,0.00724993
858,0.00995976
859,0.00636065
860,0.00213246
861,0.0041619
862,0.00572899
863,0.0241179
864,0.0155514
865,0.00322009
866,0.0745718
867,0.0115821
868,0.00881356
869,0.00228384
870,0.00319328
871,0.145641
872,0.00414586
873,0.497361
874,0.00599915
875,0.299749
876,0.0153564
877,0.463806
878,0.00503737
879,0.0530893
880,0.00283028
881,0.0419733
882,0.0166415
883,0.0230557
884,0.0206839
885,0.0031766
886,0.0203223
887,0.342789
888,0.0193764
889,0.00719321
890,0.00653438
891,0.00272281
892,0.0946673
893,0.00131728
894,0.089214
895,0.0199076
896,0.0103328
897,0.00568337
898,0.00367703
899,0.063979
900,0.00494942
901,0.00397701
902,0.0178358
903,0.0051866
904,0.0353838
905,0.0800602
906,0.0486476
907,0.0106825
908,0.0991195
909,0.00491604
910,0.0388729
911,0.0864177
912,0.00462432
913,0.114868
914,0.392719
915,0.0031076
916,0.11257
917,0.0398475
918,0.0031583
919,0.0861268
920,0.0651468
921,0.00362923
922,0.0423335
923,0.0193428
924,0.00198707
925,0.000522473
926,0.00700276
927,0.0178801
928,0.00111075
929,0.00122508
930,0.232709
931,0.245624
932,0.0120799
933,0.16483
934,0.022366
935,0.00963901
936,0.016277
937,0.0560641
938,0.00289807
939,0.000281991
940,0.0135147
941,0.00168532
942,0.0599034
943,0.00461086
944,0.0666965
945,0.00653608
946,0.0143823
947,0.000580825
948,0.0685052
949,0.0258033
950,0.055552
951,0.0665476
952,0.118658
953,0.00558087
954,0.0341304
955,0.0037517
956,0.00176335
957,0.00103697
958,0.103638
959,0.516998
960,0.00410064
961,0.0315552
962,0.189732
963,0.143852
964,0.0632456
965,0.00249944
966,0.0062475
967,0.000660803
968,0.000529246
969,0.0102558
970,0.068672
971,0.072016
972,0.00515279
973,0.00403165
974,0.000480105
975,0.0117948
976,0.00297484
977,0.000365344
978,0.00317255
979,0.00882287
980,0.0306902
981,0.118339
982,0.364524
983,0.0287182
984,0.0610015
985,0.113132
986,0.00487665
987,0.0101846
988,0.00926884
989,0.341336
990,0.035437
991,0.00305752
992,0.0066512
993,0.00301045
994,0.0132661
995,0.095685
996,0.003692
997,0.0194613
998,0.000321889
999,0.0228956
1000,0.00287419
1001,0.00368111
1002,0.00948954
1003,0.00192959
1004,0.166362
1005,0.111669
1006,0.0272756
1007,0.0855687
1008,0.0250534
1009,0.00502936
1010,0.865038
1011,0.00359856
1012,0.0789662
1013,0.0739227
1014,0.000152181
1015,0.034773
1016,0.0104486
1017,0.00296137
1018,0.0580549
1019,0.62749
1020,0.846542
1021,0.761245
1022,0.00794633
1023,0.044624
1024,0.0918686
1025,0.0767118
1026,0.0144586
1027,0.0687746
1028,0.00228036
1029,0.0424761
1030,0.0287985
1031,0.00996164
1032,0.0515527
1033,0.00820384
1034,0.000637115
1035,0.079535
1036,0.000739697
1037,0.236705
1038,0.0164569
1039,0.705731
1040,0.0360756
1041,0.000197045
1042,0.241299
1043,0.155607
1044,0.0299986
1045,0.00323589
1046,0.0231878
1047,0.0027998
1048,0.00214808
1049,0.0148674
1050,0.000195937
1051,0.000823019
1052,0.00280845
1053,0.00226297
1054,0.000919789
1055,0.000735448
1056,0.0313004
1057,0.0305933
1058,0.0475832
1059,0.0014771
1060,0.00863581
1061,0.0162159
1062,0.0128451
1063,0.0111993
1064,0.00891405
1065,0.00733054
1066,0.0137417
1067,0.00865994
1068,0.0819953
1069,0.0983125
1070,0.157594
1071,0.0212282
1072,0.0373535
1073,0.00766518
1074,0.00842875
1075,0.451987
1076,0.0890462
1077,0.0123487
1078,0.107568
1079,0.188042
1080,0.0355763
1081,0.116809
1082,0.0217869
1083,0.00229108
1084,0.000797624
1085,0.0111029
1086,0.0290267
1087,0.0256051
1088,0.000796883
1089,0.0162939
1090,0.289622
1091,0.0942847
1092,0.0611103
1093,0.000307264
1094,0.154901
1095,0.000727255
1096,0.00577623
1097,0.0734825
1098,0.00849034
1099,0.542702
1100,0.0598384
1101,0.00968655
1102,0.00465919
1103,0.0721679
1104,0.103964
1105,0.00220343
1106,0.0144191
1107,0.111566
1108,0.00843112
1109,0.159884
1110,0.284442
1111,0.063535
1112,0.00383478
1113,0.000387358
1114,0.00821319
1115,0.00124557
1116,0.0201953
1117,0.0211157
1118,0.0049406
1119,0.0561287
1120,0.0928699
1121,0.248981
1122,0.00733908
1123,0.152259
1124,0.00254982
1125,0.0357681
1126,0.0333368
1127,0.0123529
1128,0.333909
1129,0.0199953
1130,0.0407444
1131,0.00225751
1132,0.0805478
1133,0.0134737
1134,0.0212598
1135,0.0208293
1136,0.199237
1137,0.013325
1138,0.0419127
1139,0.0176145
1140,0.101253
1141,0.374805
1142,0.0693296
1143,0.0141042
1144,0.111006
1145,0.00152976
1146,0.0325549
1147,0.000310891
1148,0.00428095
1149,0.00994637
1150,0.359419
1151,0.000452121
1152,0.019206
1153,0.0366054
1154,0.000696263
1155,0.0200643
1156,0.0900661
1157,0.00669975
1158,0.00538843
1159,0.0797328
1160,0.00379269
1161,0.00263546
1162,0.301671
1163,0.108726
1164,0.00573031
1165,0.0126576
1166,0.0701537
1167,0.243407
1168,0.0102788
1169,0.0104833
1170,0.0298551
1171,0.00647841
1172,0.0143029
1173,0.00149089
1174,0.00508158
1175,0.017404
1176,0.326265
1177,0.0582212
1178,0.0953529
1179,0.100025
1180,0.0033683
1181,0.0052963
1182,0.00345485
1183,0.0370787
1184,0.0048711
1185,0.0304889
1186,0.0433996
1187,0.131542
1188,0.120555
1189,0.000620475
1190,0.001884
1191,0.0572524
1192,0.0067552
1193,0.00324445
1194,0.0018287
1195,0.315302
1196,0.102698
1197,0.0160194
1198,0.000303832
1199,0.123525
1200,0.388064
1201,0.00104363
1202,0.172841
1203,0.0122296
1204,0.000391031
1205,0.00245392
1206,0.0614785
1207,0.0322705
1208,0.00149659
1209,0.150111
1210,0.868711
1211,0.00277767
1212,0.00124283
1213,0.0963083
1214,0.00307044
1215,0.0116351
1216,0.018499
1217,0.0694291
1218,0.0772063
1219,0.384282
1220,0.187915
1221,0.0294883
1222,0.000747653
1223,0.000268165
1224,0.0635608
1225,0.0148501
1226,0.205443
1227,0.00722851
1228,0.0206507
1229,0.0506749
1230,0.0638173
1231,0.326369
1232,0.100482
1233,0.00727769
1234,0.308139
1235,0.0446304
1236,0.000172187
1237,0.258237
1238,0.071129
1239,0.000875335
1240,0.0032876
1241,0.0370159
1242,0.0112928
1243,0.301815
1244,0.0020288
1245,0.0889129
1246,0.0148439
1247,0.00191175
1248,0.0130269
1249,0.0148853
1250,0.0308579
1251,0.0111386
1252,0.0244188
1253,0.0510181
1254,0.0612444
1255,0.471404
1256,0.0209874
1257,0.0151274
1258,0.102771
1259,0.00371365
1260,0.0279893
1261,0.00346859
1262,0.00129521
1263,0.0502712
1264,0.00131322
1265,0.0136959
1266,0.00270399
1267,0.0118949
1268,0.00279323
1269,0.00170537
1270,0.00742597
1271,0.00126613
1272,0.00744731
1273,0.191987
1274,0.0093088
1275,0.00274432
1276,0.000765005
1277,0.0201224
1278,0.0154147
1279,0.0635801
1280,0.00347118
1281,0.00666291
1282,0.00201877
1283,0.0201104
1284,0.0353227
1285,0.00129919
1286,0.0520253
1287,0.00775606
1288,0.159154
1289,0.00794044
1290,0.0356482
1291,0.00237917
1292,0.00112661
1293,0.407264
1294,0.192052
1295,0.0527035
1296,0.0405659
1297,0.29548
1298,0.00606742
1299,0.0151007
1300,0.0206093
1301,0.164881
1302,0.00514087
1303,0.0756649
1304,0.073665
1305,0.0113531
1306,0.000904405
1307,0.00122625
1308,0.00222085
1309,0.147706
1310,0.149503
1311,0.0336707
1312,0.00761692
1313,0.0176817
1314,0.0242922
1315,0.261418
1316,0.00420323
1317,0.0816102
1318,0.132772
1319,0.0619437
1320,0.00677447
1321,0.0626452
1322,0.0128081
1323,0.000637749
1324,0.118842
1325,0.0357287
1326,0.00648473
1327,0.0130371
1328,0.137695
1329,0.0853483
1330,0.100636
1331,0.248025
1332,0.000178131
1333,0.00174587
1334,0.0757394
1335,0.00318342
1336,0.0481467
1337,0.052369
1338,0.0256252
1339,0.0164637
1340,0.0255487
1341,0.0310732
1342,0.0533355
1343,0.130228
1344,0.308045
1345,0.00921148
1346,0.00748522
1347,0.0798481
1348,0.0340752
1349,0.0111279
1350,0.0595472
1351,0.0401061
1352,0.0604253
1353,0.306092
1354,0.0155787
1355,0.022033
1356,0.157763
1357,0.00425856
1358,0.00361547
1359,0.0519472
1360,0.115433
1361,0.0316703
1362,0.00715432
1363,0.108863
1364,0.0103124
1365,0.0161773
1366,0.277605
1367,0.000892671
1368,0.164606
1369,0.00106151
1370,0.000367931
1371,0.0685071
1372,0.0126018
1373,0.00563988
1374,0.00069085
1375,0.00188639
1376,0.00149324
1377,0.00187379
1378,0.00454815
1379,0.0140793
1380,0.212986
1381,0.00891817
1382,0.00114881
1383,0.256144
1384,0.0267065
1385,0.000608417
1386,0.0236331
1387,0.0874965
1388,0.298073
1389,0.0352935
1390,0.00645098
1391,0.0116766
1392,0.0179943
1393,0.0140517
1394,0.09956
1395,0.1533
1396,0.112697
1397,0.0173463
1398,0.00378892
1399,0.0131986
1400,0.0548452
1401,0.000386957
1402,0.00337683
1403,0.000256097
1404,0.00145193
1405,0.00391692
1406,0.00221488
1407,0.0370914
1408,0.000899261
1409,0.08546
1410,0.0814748
1411,0.00319009
1412,0.00965593
1413,0.551417
1414,0.0285543
1415,0.01012
1416,0.000414687
1417,0.0270619
1418,0.00133067
1419,0.052931
1420,0.0114728
1421,0.0250795
1422,0.030053
1423,0.00356043
1424,0.000219533
1425,0.0174703
1426,0.0407467
1427,0.00318383
1428,0.139486
1429,0.000431586
1430,0.09887
1431,0.00536669
1432,0.0635473
1433,0.0140502
1434,0.0826632
1435,0.000620577
1436,0.00793726
1437,0.00261203
1438,0.0693873
1439,0.00427572
1440,0.0270748
1441,0.00140407
1442,0.325077
1443,0.558706
1444,0.00767032
1445,0.0150152
1446,0.000228939
1447,0.163631
1448,0.00283082
1449,0.0196106
1450,0.0682586
1451,0.00130444
1452,0.0446802
1453,0.0229215
1454,0.137605
1455,0.306328
1456,0.172631
1457,0.0635657
1458,0.0404955
1459,0.0119369
1460,0.0136457
1461,0.00824677
1462,0.0202984
1463,0.0405514
1464,0.205181
1465,0.283346
1466,0.00168426
1467,0.0107634
1468,0.0594773
1469,0.00621771
1470,0.032203
1471,0.000159281
1472,0.000951113
1473,0.0058643
1474,0.00529966
1475,0.172172
1476,0.00588161
1477,0.321788
1478,0.0359533
1479,0.0268858
1480,0.000542222
1481,0.0391214
1482,0.0947809
1483,0.0257889
1484,0.0489342
1485,0.0491544
1486,0.000498743
1487,0.00737986
1488,0.00541149
1489,0.0441512
1490,0.0299053
1491,0.0101171
1492,0.0204703
1493,0.00261108
1494,0.173897
1495,0.0517159
1496,0.00708252
1497,0.00650647
1498,0.0014156
1499,0.0220668
1500,0.000777808
1501,0.00273746
1502,0.136037
1503,0.0136371
1504,0.0180099
1505,0.0659295
1506,0.0847398
1507,0.0234852
1508,0.0738222
1509,0.00181766
1510,0.0856805
1511,0.289397
1512,0.027648
1513,0.0608908
1514,0.0389232
1515,0.474435
1516,0.000918578
1517,0.0274437
1518,0.0118701
1519,0.018324
1520,0.0133436
1521,0.296568
1522,0.0918377
1523,0.0565549
1524,0.0357672
1525,0.0338393
1526,0.00375408
1527,0.0131178
1528,0.0893461
1529,0.0306168
1530,0.0226073
1531,0.00172588
1532,0.00668534
1533,0.12045
1534,0.0474793
1535,0.587911
1536,0.0448406
1537,0.00539257
1538,0.209807
1539,0.286041
1540,0.00140604
1541,0.0109904
1542,0.0303682
1543,0.135111
1544,0.420307
1545,0.0417577
1546,0.00968805
1547,0.263492
1548,0.16872
1549,0.00367739
1550,0.000923305
1551,0.261532
1552,0.197065
1553,0.00103152
1554,0.0189568
1555,0.0490984
1556,0.00596822
1557,0.0689631
1558,0.00250458
1559,0.0121112
1560,0.0155262
1561,0.165342
1562,0.0370841
1563,0.00798829
1564,0.026225
1565,0.00294607
1566,0.000947268
1567,0.127226
1568,0.0906216
1569,0.00253628
1570,0.558261
1571,0.0633531
1572,0.42837
1573,0.00126701
1574,0.00247073
1575,0.602588
1576,0.0864662
1577,0.00542485
1578,0.00126513
1579,0.0978553
1580,0.0151046
1581,0.0789733
1582,0.00169212
1583,0.00300671
1584,0.434714
1585,0.0545525
1586,0.0157885
1587,0.00637961
1588,0.0120029
1589,0.106605
1590,0.342649
1591,0.00625433
1592,0.0110775
1593,0.0233186
1594,0.0385227
1595,0.00924029
1596,0.00187119
1597,0.0110629
1598,0.0218974
1599,0.0869318
1600,0.046223
1601,0.0300704
1602,0.037652
1603,0.019031
1604,0.00445808
1605,0.0540175
1606,0.0325492
1607,0.00586322
1608,0.118259
1609,0.105958
1610,0.0284735
1611,0.00114202
1612,0.0399403
1613,0.0399866
1614,0.0921125
1615,0.00149899
1616,0.286941
1617,0.00109469
1618,0.0185965
1619,0.00738046
1620,0.000710324
1621,0.0284798
1622,0.00399719
1623,0.00103287
1624,0.0525384
1625,0.247874
1626,0.11346
1627,0.0364199
1628,0.00321889
1629,0.0629127
1630,0.00205767
1631,0.0329504
1632,0.00752154
1633,0.00328061
1634,0.00430866
1635,0.00391393
1636,0.00264891
1637,0.00472414
1638,0.00890077
1639,0.0299979
1640,0.115933
1641,0.00319456
1642,0.00337204
1643,0.00146198
1644,0.150775
1645,0.00268404
1646,0.153702
1647,0.00343776
1648,0.0577837
1649,0.113972
1650,0.00259109
1651,0.0066852
1652,0.00108752
1653,0.0129191
1654,0.00274438
1655,0.0226515
1656,0.122453
1657,0.145037
1658,0.174945
1659,0.0328212
1660,0.0664593
1661,0.000528374
1662,0.00760921
1663,0.0358082
1664,0.00131551
1665,0.00676734
1666,0.0351474
1667,0.109695
1668,0.0671779
1669,0.0134597
1670,0.222265
1671,0.0446599
1672,0.00433363
1673,0.0155198
1674,0.0285306
1675,0.11265
1676,0.166007
1677,0.00225372
1678,0.297915
1679,0.00488484
1680,0.0070459
1681,0.152295
1682,0.000249458
1683,0.000520914
1684,0.0108696
1685,0.0021563
1686,0.00416907
1687,0.0468177
1688,0.0106722
1689,0.0127693
1690,0.0512467
1691,0.00136881
1692,0.000464346
1693,0.0402701
1694,0.00763398
1695,0.000174155
1696,0.0310428
1697,0.0932189
1698,0.051005
1699,0.00353502
1700,0.0119119
1701,0.0233775
1702,0.00137217
1703,0.00610719
1704,0.0036513
1705,0.00156853
1706,0.185698
1707,0.0665863
1708,0.0652412
1709,0.0404033
1710,0.569889
1711,0.0819376
1712,0.0248301
1713,0.00370321
1714,0.108455
1715,0.48891
1716,0.445915
1717,0.00139336
1718,0.0283577
1719,0.00483147
1720,0.146396
1721,0.0675221
1722,0.172581
1723,0.0121538
1724,0.00723694
1725,0.0230747
1726,0.158102
1727,0.616435
1728,0.0371896
1729,0.0229639
1730,0.000322615
1731,0.00120323
1732,0.202738
1733,0.046193
1734,0.0122856
1735,0.017543
1736,0.00531264
1737,0.157302
1738,0.013121
1739,0.100255
1740,0.0029707
1741,0.0604037
1742,0.00187112
1743,0.00145833
1744,0.0375316
1745,0.0970744
1746,0.0390327
1747,0.0469442
1748,0.026613
1749,0.0233843
1750,0.103484
1751,0.00167185
1752,0.0440205
1753,0.00258577
1754,0.493319
1755,0.0210377
1756,0.00275832
1757,0.0318179
1758,0.00475483
1759,0.0827342
1760,0.00252611
1761,0.0406691
1762,0.0392251
1763,0.0169569
1764,0.00891422
1765,0.003167
1766,0.00237633
1767,0.000299843
1768,0.000505098
1769,0.00595308
1770,0.000123358
1771,0.00114646
1772,0.0747503
1773,0.240118
1774,0.000717855
1775,0.0490241
1776,0.000875165
1777,0.031683
1778,0.0108554
1779,0.189723
1780,0.0109791
1781,0.00222367
1782,0.00345445
1783,0.0831368
1784,0.0167173
1785,0.00249613
1786,0.00209618
1787,0.0190449
1788,0.0314872
1789,0.0229734
1790,0.00526348
1791,0.0591197
1792,0.0297473
1793,0.0016739
1794,0.029267
1795,0.0251792
1796,0.0271886
1797,0.000397112
1798,0.00122451
1799,0.310786
1800,0.238635
1801,0.0168458
1802,0.00143341
1803,0.0092804
1804,0.0748924
1805,0.00241359
1806,0.0738198
1807,0.00263911
1808,0.0348418
1809,0.00860842
1810,0.0170499
1811,0.000168957
1812,0.5328
1813,0.0601059
1814,0.00944526
1815,0.230978
1816,0.00170556
1817,0.0911951
1818,0.608023
1819,0.306039
1820,0.0677886
1821,0.00727876
1822,0.0037963
1823,0.863073
1824,0.00368861
1825,0.00384616
1826,0.0237876
1827,0.00879964
1828,0.000672028
1829,0.153673
1830,0.0945549
1831,0.0753668
1832,0.00129907
1833,0.0438584
1834,0.00376297
1835,0.0081205
1836,0.000793606
1837,0.0905437
1838,0.00282306
1839,0.0357061
1840,0.02025
1841,0.00471147
1842,0.0467645
1843,0.0390285
1844,0.306609
1845,0.00511249
1846,0.00145139
1847,0.00339842
1848,0.329936
1849,0.00119328
1850,0.00667678
1851,0.231259
1852,0.046377
1853,0.0152463
1854,0.0892549
1855,0.000380126
1856,0.135531
1857,0.185048
1858,0.713935
1859,0.079981
1860,0.00924817
1861,0.0221824
1862,0.108608
1863,0.0304926
1864,0.00184144
1865,0.00541413
1866,0.145937
1867,0.016265
1868,0.00323829
1869,0.0153899
1870,0.497403
1871,0.186911
1872,0.0884724
1873,0.016244
1874,0.0686392
1875,0.353464
1876,0.0139887
1877,0.103519
1878,0.25839
1879,0.0417252
1880,0.00074159
1881,0.00640784
1882,0.0052441
1883,0.0927071
1884,0.115321
1885,0.178959
1886,0.00192639
1887,0.0223847
1888,0.169574
1889,0.0663414
1890,0.0317739
1891,0.00132193
1892,0.0932982
1893,0.0680996
1894,0.00419997
1895,0.0332018
1896,0.00297785
1897,0.053996
1898,0.0095702
1899,0.0207199
1900,0.00329411
1901,0.025546
1902,0.0475578
1903,0.0885469
1904,0.165066
1905,0.0285859
1906,0.0149231
1907,0.0429662
1908,0.248955
1909,0.0127204
1910,0.0449169
1911,0.253724
1912,0.0015428
1913,0.046579
1914,0.0869325
1915,0.183196
1916,0.0107943
1917,0.00040843
1918,0.00083624
1919,0.161353
1920,0.0087373
1921,0.0951128
1922,0.00093264
1923,0.00454656
1924,0.00235451
1925,0.00568024
1926,0.0334268
1927,0.0310023
1928,0.00193226
1929,0.00461747
1930,0.0129289
1931,0.00401956
1932,0.00118142
1933,0.0236663
1934,0.022695
1935,0.103146
1936,0.00639755
1937,0.0509381
1938,0.00167512
1939,0.00224833
1940,0.0246988
1941,0.00608872
1942,0.362538
1943,0.0102542
1944,0.00454196
1945,0.000508051
1946,0.00138121
1947,0.526275
1948,0.0115163
1949,0.0382269
1950,0.00110336
1951,0.000461145
1952,0.195637
1953,0.00830992
1954,0.0143583
1955,0.442523
1956,0.306874
1957,0.00371897
1958,0.00313891
1959,0.254961
1960,0.00181096
1961,0.0848472
1962,0.105652
1963,0.0366927
1964,0.00104375
1965,0.00303723
1966,0.00229545
1967,0.0192519
1968,0.0304134
1969,0.000204356
1970,0.0606929
1971,0.0429267
1972,0.00250972
1973,0.0011966
1974,0.00355541
1975,0.00148138
1976,0.0499474
1977,0.0080277
1978,0.00139255
1979,0.0494268
1980,0.00804684
1981,0.00259231
1982,0.0144159
1983,0.000588422
1984,0.00149803
1985,0.0108431
1986,0.0610729
1987,0.0550786
1988,0.0325575
1989,0.149012
1990,0.217549
1991,0.00563037
1992,0.00284626
1993,0.295739
1994,0.0111857
1995,0.0177815
1996,0.190056
1997,0.108262
1998,0.748637
1999,0.0988469
2000,0.136947
2001,0.0194948
2002,0.0258602
2003,0.095753
2004,0.0209974
2005,0.0360634
2006,0.00540191
2007,0.177627
2008,0.142365
2009,0.0119287
2010,0.288083
2011,0.0206686
2012,0.0134372
2013,0.00490244
2014,0.0576989
2015,0.0171012
2016,0.00117398
2017,0.0449089
2018,0.0190951
2019,0.0122692
2020,0.216224
2021,0.0188232
2022,0.0300508
2023,0.0109387
2024,0.00174535
2025,0.000569914
2026,0.000360728
2027,0.0195256
2028,0.0296383
2029,0.0935819
2030,0.165634
2031,0.00417879
2032,0.159631
2033,0.00478836
2034,0.0100968
2035,0.019932
2036,0.00400277
2037,0.0127508
2038,0.00174953
2039,0.369616
2040,0.19883
2041,0.0076199
2042,0.0503083
2043,0.0211797
2044,0.00635318
2045,0.0456555
2046,0.00513318
2047,0.00190976
2048,0.000366834
2049,0.66808
2050,0.00193755
2051,0.0825206
2052,0.00193698
2053,0.00694453
2054,0.0856531
2055,0.00511746
2056,0.00046312
2057,0.00127561
2058,0.0196286
2059,0.00133756
2060,0.0334039
2061,0.0296216
2062,0.00276599
2063,0.102972
2064,0.0151424
2065,0.0314672
2066,0.00264138
2067,0.00236855
2068,0.00198066
2069,0.00181185
2070,0.0151387
2071,0.000857815
2072,0.000830356
2073,0.0110491
2074,0.00576514
2075,0.00255612
2076,0.0129345
2077,0.0253529
2078,0.271369
2079,0.0638919
2080,0.0584979
2081,0.0305566
2082,0.000242207
2083,0.0113827
2084,0.0923399
2085,0.0892582
2086,0.020144
2087,0.0725354
2088,0.0105688
2089,0.0478502
2090,0.00519919
2091,0.547385
2092,0.0237948
2093,0.0131184
2094,0.027811
2095,0.0356348
2096,0.00340481
2097,0.00849923
2098,0.0850676
2099,0.071238
2100,0.0102821
2101,0.0556049
2102,0.0568687
2103,0.287333
2104,0.00104667
2105,0.0776787
2106,0.00199323
2107,0.00100006
2108,0.00549081
2109,0.0140683
2110,0.00621813
2111,0.0569033
2112,0.00494974
2113,0.104256
2114,0.0247853
2115,0.0903959
2116,0.00691883
2117,0.00719861
2118,0.00409282
2119,0.0599136
2120,0.00264312
2121,0.0139856
2122,0.0860376
2123,0.0422398
2124,0.026717
2125,0.117857
2126,0.304007
2127,0.00627751
2128,0.000784233
2129,0.0873208
2130,0.196691
2131,0.0412045
2132,0.0031833
2133,0.272509
2134,0.0137162
2135,0.0557363
2136,0.232392
2137,0.171681
2138,0.0289327
2139,0.0158982
2140,0.00223531
2141,0.00797948
2142,0.00587104
2143,0.00493389
2144,0.0257563
2145,0.193459
2146,0.000990958
2147,0.0131285
2148,0.141616
2149,0.0199221
2150,0.00822597
2151,0.784926
2152,0.121032
2153,0.00543709
2154,0.00861788
2155,0.00964263
2156,0.00434547
2157,0.0962077
2158,0.0332823
2159,0.135708
2160,0.0127311
2161,0.00980859
2162,0.0332877
2163,0.00405377
2164,0.104477
2165,0.00401912
2166,0.00609175
2167,0.0179791
2168,0.0195561
2169,0.00425542
2170,0.0265776
2171,0.00756417
2172,0.0034708
2173,0.0823738
2174,0.0250273
2175,0.04966
2176,0.00254498
2177,0.0188752
2178,0.0194159
2179,0.00879218
2180,0.00496936
2181,0.0115515
2182,0.00406981
2183,0.140642
2184,0.0589074
2185,0.155761
2186,0.0168019
2187,0.0339292
2188,0.305612
2189,0.0672221
2190,0.185592
2191,0.000182251
2192,0.209555
2193,0.024643
2194,0.00140548
2195,0.0630874
2196,0.00713146
2197,0.00276109
2198,0.00382944
2199,0.0373541
2200,0.00391352
2201,0.028767
2202,0.0120268
2203,0.0685853
2204,0.15391
2205,0.0292286
2206,0.100287
2207,0.0176492
2208,0.000673709
2209,0.415027
2210,0.00379253
2211,0.00792729
2212,0.0205438
2213,0.079976
2214,0.0037299
2215,0.00448113
2216,0.389485
2217,0.0343036
2218,0.310483
2219,0.0329171
2220,0.120575
2221,0.000389698
2222,0.00709296
2223,0.0798073
2224,0.0565367
2225,0.0316669
2226,0.00753537
2227,0.153962
2228,0.0042222
2229,0.0980513
2230,0.0685996
2231,0.0021295
2232,0.0535655
2233,0.273412
2234,0.000305016
2235,0.0401029
2236,0.0159353
2237,0.0656405
2238,0.00920068
2239,0.000601569
2240,0.0321094
2241,0.00662747
2242,0.000743994
2243,0.142119
2244,0.0114661
2245,0.0179833
2246,0.0418949
2247,0.730129
2248,0.131908
2249,0.0697559
2250,0.0151339
2251,0.0268158
2252,0.0165351
2253,0.00672739
2254,0.000284664
2255,0.000320123
2256,0.300693
2257,0.291438
2258,0.00140888
2259,0.295272
2260,0.0201329
2261,0.0410284
2262,0.349274
2263,0.0634529
2264,0.00130353
2265,0.0741844
2266,0.0407967
2267,0.182341
2268,0.000814726
2269,0.00591099
2270,0.0562607
2271,0.208971
2272,0.0204816
2273,0.0245527
2274,0.000946948
2275,0.0205922
2276,0.027582
2277,0.0201291
2278,0.000872125
2279,0.00457451
2280,0.343772
2281,0.00559493
2282,0.0057744
2283,0.444231
2284,0.0797238
2285,0.0585459
2286,0.0174736
2287,0.000151321
2288,0.0775914
2289,0.00378371
2290,0.0273868
2291,0.00101878
2292,0.0886842
2293,0.00394327
2294,0.000944042
2295,0.00477407
2296,0.001754
2297,0.0415027
2298,0.00592841
2299,0.0391286
2300,0.00084944
2301,0.000171531
2302,0.0273358
2303,0.00649509
2304,0.0683518
2305,0.0504447
2306,0.0196846
2307,0.0152863
2308,0.0424614
2309,0.00271307
2310,0.184852
2311,0.0990625
2312,0.000846641
2313,0.00181913
2314,0.0209866
2315,0.0162402
2316,0.135973
2317,0.17382
2318,0.0367685
2319,0.00171914
2320,0.222872
2321,0.213993
2322,0.0227105
2323,0.0043333
2324,0.00035025
2325,0.00542161
2326,0.00267339
2327,0.0494898
2328,0.0270049
2329,0.0669633
2330,0.0326163
2331,0.0905938
2332,0.00231318
2333,0.00575485
2334,0.0612105
2335,0.00144591
2336,0.0455534
2337,0.0640503
2338,0.00124086
2339,0.017197
2340,0.000277572
2341,0.0643413
2342,0.037439
2343,0.0733497
2344,0.00201646
2345,0.280956
2346,0.0621088
2347,0.0214123
2348,0.00147279
2349,0.0276603
2350,0.0165577
2351,0.128124
2352,0.0266377
2353,0.00920816
2354,0.0419211
2355,0.00391406
2356,0.0070478
2357,0.0190263
2358,0.00082287
2359,0.00626018
2360,0.040037
2361,0.072668
2362,0.0348834
2363,0.084078
2364,0.000365923
2365,0.00259295
2366,0.305388
2367,0.00163179
2368,0.068241
2369,0.35512
2370,0.0228671
2371,0.0266541
2372,0.00196513
2373,0.00345748
2374,0.100513
2375,0.0623403
2376,0.0170755
2377,0.0138843
2378,0.000177886
2379,0.277145
2380,0.00443235
2381,0.115326
2382,0.000594996
2383,0.10996
2384,0.0456124
2385,0.334821
2386,0.0321738
2387,0.095552
2388,0.0559733
2389,0.00539556
2390,0.00692236
2391,0.297933
2392,0.00306768
2393,0.00200593
2394,0.00208696
2395,0.00124203
2396,0.0313845
2397,0.0121792
2398,0.0220687
2399,0.388146
2400,0.160767
2401,0.0410846
2402,0.367496
2403,0.00113248
2404,0.0984513
2405,0.00899083
2406,0.00122943
2407,0.00368688
2408,0.00410275
2409,0.0671537
2410,0.00553384
2411,0.00397829
2412,0.0637662
2413,0.000081127
2414,0.00623032
2415,0.0226724
2416,0.314461
2417,0.0745426
2418,0.0245282
2419,0.152908
2420,0.0673458
2421,0.0208527
2422,0.00484895
2423,0.0233141
2424,0.00118059
2425,0.00652187
2426,0.00403684
2427,0.0493868
2428,0.00150756
2429,0.0311489
2430,0.106922
2431,0.166978
2432,0.00135673
2433,0.197494
2434,0.00408701
2435,0.006015
2436,0.0935295
2437,0.00842818
2438,0.00245646
2439,0.0086069
2440,0.200807
2441,0.297762
2442,0.00518666
2443,0.12886
2444,0.357342
2445,0.00706429
2446,0.00348437
2447,0.00149253
2448,0.061937
2449,0.0917059
2450,0.0140591
2451,0.0165617
2452,0.101413
2453,0.0693751
2454,0.00175841
2455,0.000797911
2456,0.0648591
2457,0.0743011
2458,0.00770753
2459,0.0539839
2460,0.000450172
2461,0.0512144
2462,0.00253107
2463,0.0232173
2464,0.0537549
2465,0.0151465
2466,0.0150431
2467,0.00779803
2468,0.0849985
2469,0.00644609
2470,0.000391423
2471,0.00203017
2472,0.00253602
2473,0.0122103
2474,0.37796
2475,0.309404
2476,0.0776859
2477,0.00495502
2478,0.00114686
2479,0.0259337
2480,0.006411
2481,0.001674
2482,0.0180791
2483,0.0178256
2484,0.00307449
2485,0.027347
2486,0.282659
2487,0.00630616
2488,0.00223963
2489,0.0939992
2490,0.00455216
2491,0.0380325
2492,0.0058182
2493,0.0347198
2494,0.0560977
2495,0.00215874
2496,0.232825
2497,0.00094479
2498,0.538656
2499,0.321566
2500,0.00403423
2501,0.00387194
2502,0.0449963
2503,0.0359878
2504,0.193328
2505,0.0151511
2506,0.0489548
2507,0.0473319
2508,0.0265034
2509,0.0171548
2510,0.104634
2511,0.0029178
2512,0.0230367
2513,0.0568964
2514,0.0672898
2515,0.0305733
2516,0.0129436
2517,0.058127
2518,0.0815613
2519,0.00349017
2520,0.000645252
2521,0.000676234
2522,0.0225488
2523,0.00357504
2524,0.00157222
2525,0.315163
2526,0.0140276
2527,0.0106009
2528,0.00672542
2529,0.00245948
2530,0.458793
2531,0.0798054
2532,0.0176079
2533,0.0132633
2534,0.156666
2535,0.0993003
2536,0.000237758
2537,0.000968468
2538,0.321753
2539,0.0681968
2540,0.0395611
2541,0.0416727
2542,0.145261
2543,0.000446243
2544,0.0244867
2545,0.0366427
2546,0.103523
2547,0.000356611
2548,0.00220129
2549,0.0279399
2550,0.00616769
2551,0.06621
2552,0.0583054
2553,0.648417
2554,0.000862367
2555,0.0573072
2556,0.00521952
2557,0.000127602
2558,0.00573979
2559,0.0139148
2560,0.071146
2561,0.0724301
2562,0.00810159
2563,0.0368845
2564,0.0435724
2565,0.000602936
2566,0.00762539
2567,0.00111891
2568,0.0354316
2569,0.0172009
2570,0.0444411
2571,0.0248414
2572,0.00374465
2573,0.000709526
2574,0.00324542
2575,0.0673564
2576,0.00081033
2577,0.0759798
2578,0.15507
2579,0.00306663
2580,0.197575
2581,0.00126422
2582,0.0199704
2583,0.154572
2584,0.0953967
2585,0.0218517
2586,0.0456726
2587,0.0479001
2588,0.0436412
2589,0.26305
2590,0.0131449
2591,0.0409392
2592,0.000730574
2593,0.00134964
2594,0.172931
2595,0.00131844
2596,0.00393194
2597,0.0051468
2598,0.0602939
2599,0.0168329
2600,0.0557477
2601,0.155411
2602,0.0915882
2603,0.0140172
2604,0.000816735
2605,0.000472441
2606,0.0563039
2607,0.00788659
2608,0.000220318
2609,0.00175536
2610,0.181167
2611,0.0840219
2612,0.0294885
2613,0.236483
2614,0.024625
2615,0.00821376
2616,0.141888
2617,0.130561
2618,0.00135915
2619,0.0015591
2620,0.00679782
2621,0.0660131
2622,0.298557
2623,0.0361328
2624,0.0014259
2625,0.129148
2626,0.000444677
2627,0.121042
2628,0.540174
2629,0.00295159
2630,0.0137051
2631,0.00185535
2632,0.0283832
2633,0.0237357
2634,0.00328003
2635,0.00716946
2636,0.0813437
2637,0.00594022
2638,0.00298566
2639,0.000628175
2640,0.00294427
2641,0.0107858
2642,0.0751394
2643,0.0362894
2644,0.101412
2645,0.0175252
2646,0.00300297
2647,0.102214
2648,0.0101735
2649,0.0121748
2650,0.316996
2651,0.022187
2652,0.00197286
2653,0.0026472
2654,0.00519409
2655,0.00158194
2656,0.00526138
2657,0.0212958
2658,0.248671
2659,0.00125159
2660,0.0191381
2661,0.0129902
2662,0.545463
2663,0.0168077
2664,0.000694526
2665,0.00447492
2666,0.00390758
2667,0.128345
2668,0.0738346
2669,0.000415004
2670,0.00362199
2671,0.0560159
2672,0.000878724
2673,0.017802
2674,0.237876
2675,0.000592412
2676,0.0530316
2677,0.0273725
2678,0.017822
2679,0.00492628
2680,0.466256
2681,0.0874387
2682,0.00255938
2683,0.00623301
2684,0.00081422
2685,0.00381941
2686,0.000298516
2687,0.164859
2688,0.173107
2689,0.00315486
2690,0.0183508
2691,0.00380185
2692,0.0439652
2693,0.00865727
2694,0.00263064
2695,0.00268792
2696,0.026784
2697,0.055317
2698,0.0129167
2699,0.0690566
2700,0.108305
2701,0.00649988
2702,0.0104229
2703,0.196814
2704,0.268561
2705,0.00116932
2706,0.000513719
2707,0.0720551
2708,0.0124452
2709,0.0327837
2710,0.00135861
2711,0.219596
2712,0.00222867
2713,0.00229972
2714,0.0274139
2715,0.00185685
2716,0.00831186
2717,0.00324206
2718,0.00024999
2719,0.00691107
2720,0.00610628
2721,0.000340335
2722,0.024083
2723,0.00803669
2724,0.00560668
2725,0.038107
2726,0.0403586
2727,0.00123953
2728,0.000463151
2729,0.125958
2730,0.0514409
2731,0.0796027
2732,0.00785754
2733,0.00142369
2734,0.137661
2735,0.0197459
2736,0.00231013
2737,0.0130277
2738,0.00610878
2739,0.00325974
2740,0.0519988
2741,0.0330113
2742,0.170066
2743,0.0546149
2744,0.0246521
2745,0.0252597
2746,0.0021696
2747,0.0208583
2748,0.00435079
2749,0.00429062
2750,0.00254492
2751,0.0347792
2752,0.0346321
2753,0.0927887
2754,0.113815
2755,0.0909689
2756,0.00107251
2757,0.000553034
2758,0.0585698
2759,0.0300255
2760,0.0471978
2761,0.0252047
2762,0.0269363
2763,0.00196731
2764,0.0213231
2765,0.00724638
2766,0.0123898
2767,0.0179542
2768,0.105282
2769,0.31432
2770,0.4195
2771,0.127031
2772,0.0010304
2773,0.0179313
2774,0.100906
2775,0.00160486
2776,0.00265206
2777,0.0400834
2778,0.0588521
2779,0.00637777
2780,0.0307671
2781,0.00538796
2782,0.0310514
2783,0.0153568
2784,0.0379536
2785,0.126804
2786,0.0525643
2787,0.0275331
2788,0.0588641
2789,0.00657638
2790,0.0390235
2791,0.0684716
2792,0.000340759
2793,0.00482665
2794,0.00573874
2795,0.387444
2796,0.108389
2797,0.000410169
2798,0.0508516
2799,0.00100921
2800,0.00381049
2801,0.0241717
2802,0.0937604
2803,0.0942761
2804,0.0202049
2805,0.0137516
2806,0.42193
2807,0.0575116
2808,0.0145393
2809,0.00524105
2810,0.131678
2811,0.322916
2812,0.249188
2813,0.0668108
2814,0.00108431
2815,0.000833272
2816,0.118741
2817,0.00156021
2818,0.0387289
2819,0.0592215
2820,0.00481688
2821,0.0437951
2822,0.0111282
2823,0.348479
2824,0.0818043
2825,0.0853087
2826,0.00283257
2827,0.0263871
2828,0.0641606
2829,0.269349
2830,0.00305126
2831,0.0223484
2832,0.00377366
2833,0.0210563
2834,0.0894579
2835,0.00176855
2836,0.148412
2837,0.0478527
2838,0.0127872
2839,0.00397314
2840,0.00260089
2841,0.0359536
2842,0.0565268
2843,0.0176646
2844,0.00139309
2845,0.00211402
2846,0.00470499
2847,0.252189
2848,0.000214457
2849,0.330939
2850,0.116303
2851,0.0451227
2852,0.000348853
2853,0.111592
2854,0.00352053
2855,0.143732
2856,0.107351
2857,0.207819
2858,0.0221053
2859,0.0177925
2860,0.0505083
2861,0.0262486
2862,0.202546
2863,0.567945
2864,0.00872557
2865,0.0124686
2866,0.177097
2867,0.00278762
2868,0.0035432
2869,0.00605352
2870,0.0130014
2871,0.00739663
2872,0.0194706
2873,0.00903788
2874,0.146155
2875,0.0217874
2876,0.257313
2877,0.00357512
2878,0.00162922
2879,0.210861
2880,0.00146713
2881,0.0498359
2882,0.0443676
2883,0.0412656
2884,0.000451693
2885,0.495154
2886,0.036231
2887,0.00421569
2888,0.00342548
2889,0.0307933
2890,0.0610895
2891,0.185182
2892,0.013192
2893,0.00433269
2894,0.0632008
2895,0.0926972
2896,0.00477627
2897,0.260975
2898,0.00129972
2899,0.00753221
2900,0.000786142
2901,0.5521
2902,0.0491573
2903,0.0789449
2904,0.0139474
2905,0.0560371
2906,0.00152064
2907,0.541118
2908,0.00239874
2909,0.000939784
2910,0.00280644
2911,0.017652
2912,0.182364
2913,0.0227022
2914,0.0221889
2915,0.0626929
2916,0.00307815
2917,0.00474459
2918,0.0364971
2919,0.0381055
2920,0.00675009
2921,0.0484988
2922,0.576206
2923,0.0862959
2924,0.00594268
2925,0.239236
2926,0.0751504
2927,0.0261867
2928,0.179483
2929,0.0637913
2930,0.00544415
2931,0.00306313
2932,0.0165629
2933,0.491426
2934,0.184705
2935,0.00641847
2936,0.0978076
2937,0.0130239
2938,0.00349832
2939,0.00524236
2940,0.0407795
2941,0.123508
2942,0.00393746
2943,0.158233
2944,0.0019977
2945,0.00355343
2946,0.00295193
2947,0.0275483
2948,0.0631049
2949,0.00183511
2950,0.0447183
2951,0.00903961
2952,0.00455799
2953,0.000503241
2954,0.018147
2955,0.00511554
2956,0.0743144
2957,0.000302262
2958,0.0461243
2959,0.0491725
2960,0.0262344
2961,0.00429217
2962,0.0394052
2963,0.0435014
2964,0.153439
2965,0.00407617
2966,0.00870745
2967,0.182404
2968,0.203355
2969,0.00636313
2970,0.578679
2971,0.0207373
2972,0.10264
2973,0.00716137
2974,0.0526598
2975,0.0265364
2976,0.00629399
2977,0.00449843
2978,0.00607345
2979,0.00889868
2980,0.023608
2981,0.037453
2982,0.0398451
2983,0.0287368
2984,0.00982563
2985,0.00345228
2986,0.00154493
2987,0.00110275
2988,0.040598
2989,0.0360041
2990,0.3007
2991,0.0986487
2992,0.0114553
2993,0.163354
2994,0.00145812
2995,0.00438646
2996,0.0222953
2997,0.0735328
2998,0.00154539
2999,0.298898
